{
  "num_runs": 3,
  "thresholds": {
    "answer_correctness": 0.99,
    "answer_relevancy": 0.95,
    "faithfulness": 0.99
  },
  "global": {
    "answer_correctness": {
      "mean": 0.9844444444444443,
      "stddev": 0.07875575620741934
    },
    "answer_relevancy": {
      "mean": 0.9750984886417634,
      "stddev": 0.049912693695698014
    },
    "faithfulness": {
      "mean": 0.9838777154456979,
      "stddev": 0.03349548472561184
    }
  },
  "scenarios": {
    "qa-08": {
      "answer_correctness": {
        "mean": 1.0,
        "stddev": 0.0,
        "pass_rate": 1.0
      },
      "answer_relevancy": {
        "mean": 1.0,
        "stddev": 0.0,
        "pass_rate": 1.0
      },
      "faithfulness": {
        "mean": 0.9761904761904763,
        "stddev": 0.033671751485073675,
        "pass_rate": 0.6666666666666666
      },
      "flaky": true
    },
    "qa-03": {
      "answer_correctness": {
        "mean": 1.0,
        "stddev": 0.0,
        "pass_rate": 1.0
      },
      "answer_relevancy": {
        "mean": 0.9777777777777779,
        "stddev": 0.03142696805273544,
        "pass_rate": 0.6666666666666666
      },
      "faithfulness": {
        "mean": 1.0,
        "stddev": 0.0,
        "pass_rate": 1.0
      },
      "flaky": true
    },
    "qa-15": {
      "answer_correctness": {
        "mean": 1.0,
        "stddev": 0.0,
        "pass_rate": 1.0
      },
      "answer_relevancy": {
        "mean": 1.0,
        "stddev": 0.0,
        "pass_rate": 1.0
      },
      "faithfulness": {
        "mean": 1.0,
        "stddev": 0.0,
        "pass_rate": 1.0
      },
      "flaky": false
    },
    "qa-06": {
      "answer_correctness": {
        "mean": 1.0,
        "stddev": 0.0,
        "pass_rate": 1.0
      },
      "answer_relevancy": {
        "mean": 0.9157894736842106,
        "stddev": 0.08464798653905134,
        "pass_rate": 0.3333333333333333
      },
      "faithfulness": {
        "mean": 1.0,
        "stddev": 0.0,
        "pass_rate": 1.0
      },
      "flaky": true
    },
    "review-08": {
      "answer_correctness": {
        "mean": 1.0,
        "stddev": 0.0,
        "pass_rate": 1.0
      },
      "answer_relevancy": {
        "mean": 0.9696969696969697,
        "stddev": 0.04285495643554835,
        "pass_rate": 0.6666666666666666
      },
      "faithfulness": {
        "mean": 1.0,
        "stddev": 0.0,
        "pass_rate": 1.0
      },
      "flaky": true
    },
    "review-07": {
      "answer_correctness": {
        "mean": 1.0,
        "stddev": 0.0,
        "pass_rate": 1.0
      },
      "answer_relevancy": {
        "mean": 1.0,
        "stddev": 0.0,
        "pass_rate": 1.0
      },
      "faithfulness": {
        "mean": 0.9333333333333332,
        "stddev": 0.05443310539518172,
        "pass_rate": 0.3333333333333333
      },
      "flaky": true
    },
    "review-09": {
      "answer_correctness": {
        "mean": 1.0,
        "stddev": 0.0,
        "pass_rate": 1.0
      },
      "answer_relevancy": {
        "mean": 1.0,
        "stddev": 0.0,
        "pass_rate": 1.0
      },
      "faithfulness": {
        "mean": 0.9264957264957264,
        "stddev": 0.06299325050491719,
        "pass_rate": 0.3333333333333333
      },
      "flaky": true
    },
    "qa-10": {
      "answer_correctness": {
        "mean": 1.0,
        "stddev": 0.0,
        "pass_rate": 1.0
      },
      "answer_relevancy": {
        "mean": 0.9888888888888889,
        "stddev": 0.01571348402636772,
        "pass_rate": 1.0
      },
      "faithfulness": {
        "mean": 1.0,
        "stddev": 0.0,
        "pass_rate": 1.0
      },
      "flaky": false
    },
    "qa-12b": {
      "answer_correctness": {
        "mean": 1.0,
        "stddev": 0.0,
        "pass_rate": 1.0
      },
      "answer_relevancy": {
        "mean": 1.0,
        "stddev": 0.0,
        "pass_rate": 1.0
      },
      "faithfulness": {
        "mean": 0.9363636363636364,
        "stddev": 0.04515049825985254,
        "pass_rate": 0.3333333333333333
      },
      "flaky": true
    },
    "impact-06": {
      "answer_correctness": {
        "mean": 1.0,
        "stddev": 0.0,
        "pass_rate": 1.0
      },
      "answer_relevancy": {
        "mean": 1.0,
        "stddev": 0.0,
        "pass_rate": 1.0
      },
      "faithfulness": {
        "mean": 0.9576388888888889,
        "stddev": 0.038801986235274984,
        "pass_rate": 0.3333333333333333
      },
      "flaky": true
    },
    "pre-01": {
      "answer_correctness": {
        "mean": 1.0,
        "stddev": 0.0,
        "pass_rate": 1.0
      },
      "answer_relevancy": {
        "mean": 0.887037037037037,
        "stddev": 0.06258053795820663,
        "pass_rate": 0.0
      },
      "faithfulness": {
        "mean": 1.0,
        "stddev": 0.0,
        "pass_rate": 1.0
      },
      "flaky": true
    },
    "qa-12a": {
      "answer_correctness": {
        "mean": 0.7999999999999999,
        "stddev": 0.21602468994692867,
        "pass_rate": 0.3333333333333333
      },
      "answer_relevancy": {
        "mean": 0.9803921568627452,
        "stddev": 0.027729677693590107,
        "pass_rate": 0.6666666666666666
      },
      "faithfulness": {
        "mean": 1.0,
        "stddev": 0.0,
        "pass_rate": 1.0
      },
      "flaky": true
    },
    "qa-01": {
      "answer_correctness": {
        "mean": 1.0,
        "stddev": 0.0,
        "pass_rate": 1.0
      },
      "answer_relevancy": {
        "mean": 0.923076923076923,
        "stddev": 0.06280742930213278,
        "pass_rate": 0.3333333333333333
      },
      "faithfulness": {
        "mean": 1.0,
        "stddev": 0.0,
        "pass_rate": 1.0
      },
      "flaky": true
    },
    "qa-05": {
      "answer_correctness": {
        "mean": 0.7333333333333334,
        "stddev": 0.1885618083164127,
        "pass_rate": 0.3333333333333333
      },
      "answer_relevancy": {
        "mean": 0.8699042291719637,
        "stddev": 0.031075335086241787,
        "pass_rate": 0.0
      },
      "faithfulness": {
        "mean": 1.0,
        "stddev": 0.0,
        "pass_rate": 1.0
      },
      "flaky": true
    },
    "impact-01": {
      "answer_correctness": {
        "mean": 1.0,
        "stddev": 0.0,
        "pass_rate": 1.0
      },
      "answer_relevancy": {
        "mean": 0.9824561403508771,
        "stddev": 0.024810764252159587,
        "pass_rate": 0.6666666666666666
      },
      "faithfulness": {
        "mean": 1.0,
        "stddev": 0.0,
        "pass_rate": 1.0
      },
      "flaky": true
    },
    "pre-03": {
      "answer_correctness": {
        "mean": 1.0,
        "stddev": 0.0,
        "pass_rate": 1.0
      },
      "answer_relevancy": {
        "mean": 1.0,
        "stddev": 0.0,
        "pass_rate": 1.0
      },
      "faithfulness": {
        "mean": 0.9675925925925926,
        "stddev": 0.023606571822188824,
        "pass_rate": 0.3333333333333333
      },
      "flaky": true
    },
    "qa-14": {
      "answer_correctness": {
        "mean": 1.0,
        "stddev": 0.0,
        "pass_rate": 1.0
      },
      "answer_relevancy": {
        "mean": 1.0,
        "stddev": 0.0,
        "pass_rate": 1.0
      },
      "faithfulness": {
        "mean": 1.0,
        "stddev": 0.0,
        "pass_rate": 1.0
      },
      "flaky": false
    },
    "impact-03": {
      "answer_correctness": {
        "mean": 1.0,
        "stddev": 0.0,
        "pass_rate": 1.0
      },
      "answer_relevancy": {
        "mean": 0.923076923076923,
        "stddev": 1.1102230246251565e-16,
        "pass_rate": 0.0
      },
      "faithfulness": {
        "mean": 1.0,
        "stddev": 0.0,
        "pass_rate": 1.0
      },
      "flaky": true
    },
    "oos-impact-01": {
      "answer_correctness": {
        "mean": 1.0,
        "stddev": 0.0,
        "pass_rate": 1.0
      },
      "answer_relevancy": {
        "mean": 1.0,
        "stddev": 0.0,
        "pass_rate": 1.0
      },