{
  "total": 30,
  "errors": 0,
  "mean_level": 1.4333333333333333,
  "level_distribution": {
    "0": 1,
    "1": 16,
    "2": 12,
    "3": 1
  },
  "total_cost_usd": 6.3796127,
  "mean_wall_s": 81.5214894215266
}