{
  "total": 30,
  "errors": 0,
  "wall_s": {
    "count": 30,
    "mean": 86.56865615049998,
    "median": 82.32424473762512,
    "min": 60.04592728614807,
    "max": 123.40584325790405
  },
  "cost_usd": {
    "count": 30,
    "mean": 0.42703374166666663,
    "median": 0.39681917499999997,
    "min": 0.32459990000000005,
    "max": 0.5903495000000001
  },
  "turns": {
    "count": 0
  },
  "judge_level": {
    "count": 30,
    "mean": 3.0,
    "median": 3.0,
    "min": 3,
    "max": 3
  },
  "judge_level_distribution": {
    "0": 0,
    "1": 0,
    "2": 0,
    "3": 30
  },
  "candidate_count": {
    "count": 30,
    "mean": 6.1,
    "median": 6.0,
    "min": 3,
    "max": 10
  }
}