{
  "total": 30,
  "errors": 0,
  "wall_s": {
    "count": 30,
    "mean": 82.71222705046335,
    "median": 83.99659371376038,
    "min": 60.56078052520752,
    "max": 101.13038778305054
  },
  "cost_usd": {
    "count": 30,
    "mean": 0.527561975,
    "median": 0.51398105,
    "min": 0.4321306,
    "max": 0.7202225499999999
  },
  "turns": {
    "count": 0
  },
  "judge_level": {
    "count": 30,
    "mean": 3.0,
    "median": 3.0,
    "min": 3,
    "max": 3
  },
  "judge_level_distribution": {
    "0": 0,
    "1": 0,
    "2": 0,
    "3": 30
  },
  "candidate_count": {
    "count": 30,
    "mean": 81.83333333333333,
    "median": 73.5,
    "min": 2,
    "max": 124
  }
}