{
  "num_runs": 3,
  "thresholds": {
    "answer_correctness": 0.99,
    "answer_relevancy": 0.95,
    "faithfulness": 0.99
  },
  "global": {
    "answer_correctness": {
      "mean": 0.9215686274509803,
      "stddev": 0.24238498423869126
    },
    "answer_relevancy": {
      "mean": 0.9781550675178127,
      "stddev": 0.06727287120170893
    },
    "faithfulness": {
      "mean": 0.9822577170137405,
      "stddev": 0.03066605406255584
    }
  },
  "scenarios": {
    "qa-02": {
      "answer_correctness": {
        "mean": 1.0,
        "stddev": 0.0,
        "pass_rate": 1.0
      },
      "answer_relevancy": {
        "mean": 0.8928571428571429,
        "stddev": 0.1515228816828316,
        "pass_rate": 0.6666666666666666
      },
      "faithfulness": {
        "mean": 0.9803921568627452,
        "stddev": 0.027729677693590107,
        "pass_rate": 0.6666666666666666
      },
      "flaky": true
    },
    "qa-11": {
      "answer_correctness": {
        "mean": 1.0,
        "stddev": 0.0,
        "pass_rate": 1.0
      },
      "answer_relevancy": {
        "mean": 1.0,
        "stddev": 0.0,
        "pass_rate": 1.0
      },
      "faithfulness": {
        "mean": 0.9737373737373738,
        "stddev": 0.019218482414586298,
        "pass_rate": 0.3333333333333333
      },
      "flaky": true
    },
    "qa-20": {
      "answer_correctness": {
        "mean": 1.0,
        "stddev": 0.0,
        "pass_rate": 1.0
      },
      "answer_relevancy": {
        "mean": 1.0,
        "stddev": 0.0,
        "pass_rate": 1.0
      },
      "faithfulness": {
        "mean": 0.9560200668896321,
        "stddev": 0.004723895281547031,
        "pass_rate": 0.0
      },
      "flaky": true
    },
    "qa-06": {
      "answer_correctness": {
        "mean": 1.0,
        "stddev": 0.0,
        "pass_rate": 1.0
      },
      "answer_relevancy": {
        "mean": 1.0,
        "stddev": 0.0,
        "pass_rate": 1.0
      },
      "faithfulness": {
        "mean": 1.0,
        "stddev": 0.0,
        "pass_rate": 1.0
      },
      "flaky": false
    },
    "qa-07": {
      "answer_correctness": {
        "mean": 1.0,
        "stddev": 0.0,
        "pass_rate": 1.0
      },
      "answer_relevancy": {
        "mean": 1.0,
        "stddev": 0.0,
        "pass_rate": 1.0
      },
      "faithfulness": {
        "mean": 0.9814814814814815,
        "stddev": 0.026189140043946214,
        "pass_rate": 0.6666666666666666
      },
      "flaky": true
    },
    "qa-08": {
      "answer_correctness": {
        "mean": 1.0,
        "stddev": 0.0,
        "pass_rate": 1.0
      },
      "answer_relevancy": {
        "mean": 1.0,
        "stddev": 0.0,
        "pass_rate": 1.0
      },
      "faithfulness": {
        "mean": 1.0,
        "stddev": 0.0,
        "pass_rate": 1.0
      },
      "flaky": false
    },
    "qa-14": {
      "answer_correctness": {
        "mean": 1.0,
        "stddev": 0.0,
        "pass_rate": 1.0
      },
      "answer_relevancy": {
        "mean": 1.0,
        "stddev": 0.0,
        "pass_rate": 1.0
      },
      "faithfulness": {
        "mean": 1.0,
        "stddev": 0.0,
        "pass_rate": 1.0
      },
      "flaky": false
    },
    "qa-17": {
      "answer_correctness": {
        "mean": 0.10000000000000002,
        "stddev": 0.08164965809277261,
        "pass_rate": 0.0
      },
      "answer_relevancy": {
        "mean": 0.746031746031746,
        "stddev": 0.18374344290143216,
        "pass_rate": 0.3333333333333333
      },
      "faithfulness": {
        "mean": 1.0,
        "stddev": 0.0,
        "pass_rate": 1.0
      },
      "flaky": true
    },
    "qa-16": {
      "answer_correctness": {
        "mean": 1.0,
        "stddev": 0.0,
        "pass_rate": 1.0
      },
      "answer_relevancy": {
        "mean": 1.0,
        "stddev": 0.0,
        "pass_rate": 1.0
      },
      "faithfulness": {
        "mean": 1.0,
        "stddev": 0.0,
        "pass_rate": 1.0
      },
      "flaky": false
    },
    "qa-05": {
      "answer_correctness": {
        "mean": 1.0,
        "stddev": 0.0,
        "pass_rate": 1.0
      },
      "answer_relevancy": {
        "mean": 1.0,
        "stddev": 0.0,
        "pass_rate": 1.0
      },
      "faithfulness": {
        "mean": 1.0,
        "stddev": 0.0,
        "pass_rate": 1.0
      },
      "flaky": false
    },
    "pre-03": {
      "answer_correctness": {
        "mean": 0.9333333333333332,
        "stddev": 0.04714045207910316,
        "pass_rate": 0.3333333333333333
      },
      "answer_relevancy": {
        "mean": 0.9583333333333334,
        "stddev": 0.05892556509887896,
        "pass_rate": 0.6666666666666666
      },
      "faithfulness": {
        "mean": 1.0,
        "stddev": 0.0,
        "pass_rate": 1.0
      },
      "flaky": true
    },
    "qa-03": {
      "answer_correctness": {
        "mean": 1.0,
        "stddev": 0.0,
        "pass_rate": 1.0
      },
      "answer_relevancy": {
        "mean": 0.9866666666666667,
        "stddev": 0.018856180831641284,
        "pass_rate": 1.0
      },
      "faithfulness": {
        "mean": 0.9666666666666667,
        "stddev": 0.04714045207910316,
        "pass_rate": 0.6666666666666666
      },
      "flaky": true
    },
    "review-06": {
      "answer_correctness": {
        "mean": 1.0,
        "stddev": 0.0,
        "pass_rate": 1.0
      },
      "answer_relevancy": {
        "mean": 1.0,
        "stddev": 0.0,
        "pass_rate": 1.0
      },
      "faithfulness": {
        "mean": 0.922270955165692,
        "stddev": 0.03344692124853898,
        "pass_rate": 0.0
      },
      "flaky": true
    },
    "impact-08": {
      "answer_correctness": {
        "mean": 1.0,
        "stddev": 0.0,
        "pass_rate": 1.0
      },
      "answer_relevancy": {
        "mean": 1.0,
        "stddev": 0.0,
        "pass_rate": 1.0
      },
      "faithfulness": {
        "mean": 0.9410256410256411,
        "stddev": 0.042752133334700154,
        "pass_rate": 0.3333333333333333
      },
      "flaky": true
    },
    "impact-03": {
      "answer_correctness": {
        "mean": 1.0,
        "stddev": 0.0,
        "pass_rate": 1.0
      },
      "answer_relevancy": {
        "mean": 0.9252525252525253,
        "stddev": 0.055619797567419,
        "pass_rate": 0.3333333333333333
      },
      "faithfulness": {
        "mean": 1.0,
        "stddev": 0.0,
        "pass_rate": 1.0
      },
      "flaky": true
    },
    "qa-18": {
      "answer_correctness": {
        "mean": 0.9,
        "stddev": 0.14142135623730953,
        "pass_rate": 0.6666666666666666
      },
      "answer_relevancy": {
        "mean": 0.9326599326599326,
        "stddev": 0.04832558954345902,
        "pass_rate": 0.3333333333333333
      },
      "faithfulness": {
        "mean": 1.0,
        "stddev": 0.0,
        "pass_rate": 1.0
      },
      "flaky": true
    },
    "oos-impact-01": {
      "answer_correctness": {
        "mean": 1.0,
        "stddev": 0.0,
        "pass_rate": 1.0
      },
      "answer_relevancy": {
        "mean": 1.0,
        "stddev": 0.0,
        "pass_rate": 1.0
      },
      "faithfulness": {
        "mean": 1.0,
        "stddev": 0.0,
        "pass_rate": 1.0
      },
      "flaky": false
    },
    "qa-15": {
      "answer_correctness": {
        "mean": 1.0,
        "stddev": 0.0,
        "pass_rate": 1.0
      },
      "answer_relevancy": {
        "mean": 1.0,
        "stddev": 0.0,
        "pass_rate": 1.0
      },
      "faithfulness": {
        "mean": 0.9866666666666667,
        "stddev": 0.018856180831641284,
        "pass_rate": 0.6666666666666666
      },
      "flaky": true
    },
    "pre-02": {
      "answer_correctness": {
        "mean": 1.0,
        "stddev": 0.0,
        "pass_rate": 1.0
      },
      "answer_relevancy": {
        "mean": 1.0,
        "stddev": 0.0,
        "pass_rate": 1.0
      },
      "faithfulness": {
        "mean": 1.0,
        "stddev": 0.0,
        "pass_rate": 1.0
      },