{
  "total": 30,
  "errors": 0,
  "mean_level": 1.5333333333333334,
  "level_distribution": {
    "0": 1,
    "1": 16,
    "2": 9,
    "3": 4
  },
  "total_cost_usd": 5.80440555,
  "mean_wall_s": 65.5073790550232
}