{
  "total": 30,
  "errors": 0,
  "wall_s": {
    "count": 30,
    "mean": 62.71105662981669,
    "median": 62.661731243133545,
    "min": 34.512837171554565,
    "max": 94.17804551124573
  },
  "cost_usd": {
    "count": 30,
    "mean": 0.5105919866666667,
    "median": 0.500452425,
    "min": 0.35771295,
    "max": 0.70093385
  },
  "turns": {
    "count": 0
  },
  "judge_level": {
    "count": 30,
    "mean": 2.9,
    "median": 3.0,
    "min": 0,
    "max": 3
  },
  "judge_level_distribution": {
    "0": 1,
    "1": 0,
    "2": 0,
    "3": 29
  },
  "candidate_count": {
    "count": 30,
    "mean": 4.9,
    "median": 5.0,
    "min": 0,
    "max": 9
  }
}